<?xml version="1.0" encoding="UTF-8"?>

<!--
    Document   : HospitalData.xml
    Author     : vincent
    Description:
        This XML document stores the details of patients in Brooklyn Hospital.
-->

<Hospital Name="Brooklyn Hospital" xmlns:Data="http://www.aptechworldwide.com" xmlns:Admission="http://aptech.ac.in">
  <Data:PatientDetails Data:PatientID="2313333">
    <Data:PatientData>
      <Data:Name Data:Age="67" Data:Gender="Male">John Parker</Data:Name>
      <Data:Address>
        <Data:Street>#256, Brookyln Park, Brooklyn-7865789</Data:Street> 
        <Data:Phone>"56837399"</Data:Phone> 
      </Data:Address>
    </Data:PatientData>
    <Data:AilmentDetails>
      <Data:Department Data:Floor="5">Neurology</Data:Department>
      <Data:DoctorName>Mrs.Jane Hudson</Data:DoctorName>
    </Data:AilmentDetails>
    <Data:AdmissionDetails>
      <Admission:AdmittedOn>13-03-07</Admission:AdmittedOn>
      <Admission:RoomNo Admission:Type="AC Cabin">456</Admission:RoomNo>
      <Admission:DischargedOn>14-04-07</Admission:DischargedOn>
    </Data:AdmissionDetails>
    <Data:PaymentDetails>
      <Data:InvoiceNo>57688</Data:InvoiceNo> 
      <Data:Amount>"$299"</Data:Amount> 
      <Data:ModeOfPayment>Debit Card</Data:ModeOfPayment> 
      <Data:CardType>Maestro</Data:CardType>
    </Data:PaymentDetails>
  </Data:PatientDetails>
</Hospital>
