<?xml version="1.0" encoding="UTF-8"?>

<!--
    Document   : SalesData.xml
    Author     : vincent
    Description:
        XML document to store information about sales data.
-->

<?xml-stylesheet type="text/xsl" href="SalesData_stylesheet.xsl"?>

<CottonDesk>
  <SalesPerson>
    <Product>Monitor</Product>
    <Name>Harry Diana</Name>
    <Age>23</Age>
    <Sales>4000</Sales>
  </SalesPerson>
  
  <SalesPerson>
    <Product>Laptop</Product>
    <Name>David Blake</Name>
    <Age>32</Age>
    <Sales>20000</Sales>
  </SalesPerson>
  
  <SalesPerson>
    <Product>Laptop</Product>
    <Name>Susan Jones</Name>
    <Age>55</Age>
    <Sales>35000</Sales>
  </SalesPerson>
  
  <SalesPerson>
    <Product>Laptop</Product>
    <Name>Martin Howell</Name>
    <Age>25</Age>
    <Sales>1000</Sales>
  </SalesPerson>
  
  <SalesPerson>
    <Product>Keyboard</Product>
    <Name>John Dani</Name>
    <Age>45</Age>
    <Sales>35000</Sales>
  </SalesPerson>
  
  <SalesPerson>
    <Product>Laptop</Product>
    <Name>Tony Kemp</Name>
    <Age>35</Age>
    <Sales>31000</Sales>
  </SalesPerson>
  
</CottonDesk>
