<?xml version="1.0" encoding="UTF-8"?>

<!--
    Document   : AnnualDay.xml
    Author     : vincent
    Description: Describes about the Annual Day.
        
-->

<Annual_Day company="Aptech">
<Event>
<!-- Gives the names of the people who played an important role-->
    <Coordinator>
        James
    </Coordinator>
<SoundManager>
    Kim
</SoundManager>
    <Director>
         Daniel
    </Director>
</Event>
    <Event>
    <!-- Gives descriptions of the events. -->
        Drama
        <Name> A doctor's story</Name>
        <Director>Spencer</Director>
        <Paricipants number ="4">Tony,Bony,Sam, Lily</Paricipants>
    </Event>
    <Event>
        Group Song
        <Theme>Patriotic</Theme>
         <Composer>Chin Chan</Composer>
        <Paricipants number ="3">Rose,Jack,Steve</Paricipants>
    </Event>
    <Event>
        Prize Distibution
        <Division>
            Sales
            <Team>Richard&apos;s team from LA</Team>
        </Division>
        <Division>
            Marketing
            <Team>Bill&apos;s team from NY</Team>
        </Division>
    </Event>
</Annual_Day>
